YEAR	DATE	TIME	Hour	STREET1	STREET2	OFFSET	ROAD_CLASS	District	LATITUDE	LONGITUDE	LOCCOORD	ACCLOC	TRAFFCTL	VISIBILITY	LIGHT	RDSFCOND	ACCLASS	IMPACTYPE	INVTYPE	INVAGE	INJURY	FATAL_NO	INITDIR	VEHTYPE	MANOEUVER	DRIVACT	DRIVCOND	PEDTYPE	PEDACT	PEDCOND	CYCLISTYPE	CYCACT	CYCCOND	PEDESTRIAN	CYCLIST	AUTOMOBILE	MOTORCYCLE	TRUCK	TRSN_CITY_VEH	EMERG_VEH	PASSENGER	SPEEDING	AG_DRIV	REDLIGHT	ALCOHOL	DISABILITY	Division
2013	2013-11-08T05:00:00.000Z	725	7	LAWRENCE AVE E	BENNETT RD	 	Minor Arterial	Scarborough	43.772868	-79.166332	Intersection	Intersection Related	Traffic Signal	Clear	Daylight	Dry	Fatal	Pedestrian Collisions	Pedestrian	25 to 29	Fatal	52	South	 	 	 	 	Vehicle turns left while ped crosses with ROW at inter.	Crossing with right of way	Normal	 	 	 	Yes	 	Yes	 	 		 	 	 	Yes	 	 	 	43
2014	2014-03-06T05:00:00.000Z	735	7	PRINCE EDWARD DR N	SHAND AVE	 	Collector	Etobicoke York	43.65729	-79.509113	Intersection	 	No Control	Snow	Daylight	Slush	Fatal	SMV Other	Driver	50 to 54	Fatal	6	South	"Automobile, Station Wagon"	Pulling Onto Shoulder or towardCurb	Lost control	Unknown	 	 	 	 	 	 	 	 	Yes	 	 		 	 	 	 	 	 	 	22
2015	2015-09-03T04:00:00.000Z	736	7	PARK LAWN RD	LAKE SHORE BLVD W	 	Major Arterial	Etobicoke York	43.623171	-79.481792	Mid-Block	 	No Control	Clear	Daylight	Dry	Fatal	Pedestrian Collisions	Pedestrian	70 to 74	Fatal	41	West	 	 	 	 	Pedestrian hit at mid-block	"Crossing, no Traffic Control"	Normal	 	 	 	Yes	 	 	 	Yes		 	 	 	 	 	 	 	22
2008	2008-05-01T04:00:00.000Z	738	7	ST CLAIR AVE E	JEANETTE ST	 	Minor Arterial	Scarborough	43.719645	-79.24709	Intersection	At Intersection	Stop Sign	Clear	Daylight	Dry	Fatal	Pedestrian Collisions	Pedestrian	50 to 54	Fatal	16	North	Other	 	 	 	Vehicle turns left while ped crosses without ROW at inter.	"Crossing, no Traffic Control"	Normal	 	 	 	Yes	 	 	 	Yes		 	 	 	 	 	 	 	41
2012	2012-06-14T04:00:00.000Z	738	7	ADELAIDE ST W	BRANT ST	 	Major Arterial	Toronto and East York	43.646245	-79.39819	Intersection	At Intersection	Traffic Signal	Clear	Daylight	Dry	Fatal	Pedestrian Collisions	Pedestrian	30 to 34	Fatal	18	East	Other	 	 	 	Vehicle turns left while ped crosses with ROW at inter.	Crossing with right of way	Normal	 	 	 	Yes	 	Yes	 	 		 	 	 	 	 	 	 	14
2010	2010-11-19T05:00:00.000Z	744	7	LOWER SPADINA AVE	LAKE SHORE BLVD W	 	Expressway	Toronto and East York	43.638445	-79.39219	Intersection	At Intersection	Traffic Signal	Clear	Daylight	Dry	Fatal	Cyclist Collisions	Cyclist	60 to 64	Fatal	36	East	Bicycle	Pulling Away from Shoulder or Curb	 	 	 	 	 	"Cyclist without ROW rides into path of motorist at inter, lnwy, dwy-Cyclist not turn."	Disobeyed Traffic Control	Normal	 	Yes	 	 	 		 	 	 	 	 	 	 	"14,52"
2008	2008-05-30T04:00:00.000Z	746	7	BAY ST	YORKVILLE AVE	 	Major Arterial	Toronto and East York	43.671345	-79.39019	Intersection	 	Traffic Signal	Clear	Daylight	Dry	Fatal	Pedestrian Collisions	Pedestrian	70 to 74	Fatal	22	East	Other	 	 	 	Pedestrian involved in a collision with transit vehicle anywhere along roadway	Crossing without right of way	Unknown	 	 	 	Yes	 	Yes	 	 		 	 	 	 	 	 	 	53
2012	2012-12-20T05:00:00.000Z	748	7	SHEPPARD AVE E	ALLANFORD RD	 	Major Arterial	Scarborough	43.782345	-79.29219	Mid-Block	 	No Control	Clear	Daylight	Dry	Fatal	Pedestrian Collisions	Pedestrian	65 to 69	Fatal	43	Unknown	Other	 	 	 	Pedestrian hit at mid-block	"Crossing, no Traffic Control"	Normal	 	 	 	Yes	 	Yes	 	 		 	 	 	 	 	 	 	42
2015	2015-01-25T05:00:00.000Z	756	7	COLLEGE ST	BROCK AVE	2 m West of	Minor Arterial	Toronto and East York	43.651801	-79.436343	Intersection	At Intersection	Traffic Signal	Clear	Daylight	Dry	Fatal	Pedestrian Collisions	Pedestrian	55 to 59	Fatal	2	South	 	 	 	 	Vehicle turns left while ped crosses with ROW at inter.	Crossing with right of way	Medical or Physical Disability	 	 	 	Yes	 	Yes	 	 		 	 	 	Yes	 	 	 	11
2013	2013-08-19T04:00:00.000Z	759	7	ROYAL YORK RD	LAWRENCE AVE W	 	Minor Arterial	Etobicoke York	43.696154	-79.532726	Intersection	 	Traffic Signal	Clear	Daylight	Dry	Fatal	Angle	Driver	60 to 64	Fatal	33	East	"Automobile, Station Wagon"	Going Ahead	Driving Properly	Normal	 	 	 	 	 	 	 	 	Yes	 	 		 	Yes	Yes	Yes	Yes	 	 	23
2013	2013-09-03T04:00:00.000Z	800	8	SENTINEL RD	LAMBERTON BLVD	 	Collector	Etobicoke York	43.753844	-79.499591	Intersection	At Intersection	Stop Sign	Clear	Daylight	Dry	Fatal	Pedestrian Collisions	Pedestrian	10 to 14	Fatal	37	West	 	 	 	 	Vehicle turns left while ped crosses with ROW at inter.	Crossing with right of way	Normal	 	 	 	Yes	 	 	 	Yes		 	 	 	Yes	 	 	 	31
2018	2018-05-16T04:00:00.000Z	800	8	JONES AVE	DUNDAS ST E	 	Minor Arterial	Toronto and East York	43.666098	-79.334277	Intersection	At Intersection	Traffic Signal	Clear	Daylight	Dry	Fatal	Cyclist Collisions	Cyclist	50 to 54	Fatal	25	West	Bicycle	Going Ahead	 	 	 	 	 	Motorist turning right on green or amber at signalized intersection strikes cyclist.	Driving Properly	Normal	 	Yes	 	 	Yes		 	 	 	Yes	 	 	 	55
2012	2012-05-07T04:00:00.000Z	801	8	STEELES AVE E	BIRCHMOUNT RD	 	Major Arterial	Scarborough	43.821345	-79.31689	Intersection	At Intersection	Traffic Signal	Clear	Daylight	Dry	Fatal	Pedestrian Collisions	Pedestrian	30 to 34	Fatal	13	South	Other	 	 	 	Vehicle is going straight thru inter.while ped cross with ROW	Crossing with right of way	Normal	 	 	 	Yes	 	Yes	 	 		 	Yes	 	 	 	 	 	42
2008	2008-09-10T04:00:00.000Z	806	8	TRETHEWEY DR	TEDDER ST	 	Minor Arterial	Etobicoke York	43.697345	-79.49899	Intersection	At Intersection	No Control	Clear	Daylight	Dry	Fatal	Cyclist Collisions	Cyclist	50 to 54	Fatal	39	West	Bicycle	 	 	 	 	 	 	Motorist turned left across cyclists path.	Driving Properly	Normal	 	Yes	Yes	 	 		 	 	Yes	Yes	 	 	 	12
2014	2014-11-04T05:00:00.000Z	807	8	ORTON PARK RD	SLAN AVE	 	Minor Arterial	Scarborough	43.777968	-79.211902	Mid-Block	 	No Control	Clear	Daylight	Dry	Fatal	SMV Other	Driver	25 to 29	Fatal	37	North	"Automobile, Station Wagon"	Going Ahead	Lost control	Unknown	 	 	 	 	 	 	 	 	Yes	 	 		 	 	Yes	Yes	 	 	 	43
2012	2012-08-25T04:00:00.000Z	810	8	CARLTON ST	SHERBOURNE ST	 	Minor Arterial	Toronto and East York	43.663245	-79.37259	Mid-Block	 	No Control	Clear	Daylight	Dry	Fatal	Pedestrian Collisions	Pedestrian	60 to 64	Fatal	28	North	Other	 	 	 	Pedestrian hit at mid-block	Coming From Behind Parked Vehicle	Unknown	 	 	 	Yes	 	Yes	 	 		 	 	 	 	 	 	 	51
2016	2016-11-14T05:00:00.000Z	814	8	ARAGON AVE	SHEPPARD AVE E	 	Major Arterial	Scarborough	43.77949	-79.304355	Intersection	At Intersection	Traffic Signal	Clear	Daylight	Dry	Fatal	Pedestrian Collisions	Pedestrian	75 to 79	Fatal	72	East	 	 	 	 	Vehicle turns right while ped crosses with ROW at inter.	Crossing with right of way	Normal	 	 	 	Yes	 	Yes	 	 		 	 	 	Yes	 	 	 	42
2008	2008-10-31T04:00:00.000Z	817	8	HIGHWAY 2A  E	LAWSON RD	 	Expressway	Scarborough	43.788645	-79.15869	Mid-Block	 	No Control	Clear	Daylight	Dry	Fatal	SMV Other	Driver	55 to 59	Fatal	50	East	"Automobile, Station Wagon"	Going Ahead	Driving Properly	Medical or Physical Disability	 	 	 	 	 	 	 	 	Yes	 	 		 	 	 	 	 	 	Yes	43
2010	2010-11-17T05:00:00.000Z	818	8	DUNDAS ST W	KENNETH AVE	 	Minor Arterial	Toronto and East York	43.662445	-79.45589	Intersection	 	No Control	Rain	Daylight	Wet	Fatal	Pedestrian Collisions	Pedestrian	50 to 54	Fatal	35	West	Other	 	 	 	Vehicle is going straight thru inter.while ped cross without ROW	"Crossing, no Traffic Control"	Unknown	 	 	 	Yes	 	 	 	Yes		 	 	 	 	 	 	 	11
2010	2010-06-06T04:00:00.000Z	822	8	UNIVERSITY AVE	ORDE ST	 	Major Arterial	Toronto and East York	43.658744	-79.389987	Intersection	 	No Control	Rain	Daylight	Wet	Fatal	Pedestrian Collisions	Pedestrian	40 to 44	Fatal	22	West	Other	 	 	 	Vehicle is going straight thru inter.while ped cross without ROW	"Crossing, no Traffic Control"	Unknown	 	 	 	Yes	 	 	 	 		 	 	 	 	 	 	 	52
2015	2015-05-22T04:00:00.000Z	822	8	DON MILLS RD	GREEN BELT DR	 	Major Arterial	North York	43.727645	-79.340846	Intersection	Intersection Related	Traffic Signal	Clear	Daylight	Dry	Fatal	Pedestrian Collisions	Pedestrian	45 to 49	Fatal	22	Unknown	 	 	 	 	Pedestrian hit on sidewalk or shoulder	On Sidewalk or Shoulder	Normal	 	 	 	Yes	 	Yes	 	 		 	 	 	Yes	 	 	 	33
2015	2015-05-19T04:00:00.000Z	823	8	ROXBOROUGH ST E	WRENTHAM PL	 	Collector	Toronto and East York	43.679423	-79.382312	Intersection	 	Stop Sign	Clear	"Daylight, artificial"	Dry	Fatal	Cyclist Collisions	Cyclist	75 to 79	Fatal	26	North	Bicycle	Turning Left	 	 	 	 	 	Cyclist turned left across motorists path.	Improper Turn	Unknown	 	Yes	Yes	 	 		 	 	 	 	 	 	 	53
2015	2015-11-14T05:00:00.000Z	825	8	1996 BATHURST ST	 	 	Major Arterial	Toronto and East York	43.699485	-79.424945	Mid-Block	Non Intersection	No Control	Clear	Daylight	Dry	Fatal	Pedestrian Collisions	Pedestrian	85 to 89	Fatal	65	 	"Automobile, Station Wagon"	 	 	 	Pedestrian hit at parking lot	Other	Normal	 	 	 	Yes	 	Yes	 	 		 	 	 	 	 	 	 	13
2014	2014-06-16T04:00:00.000Z	827	8	BROADVIEW AVE	FAIRVIEW BLVD	 	Minor Arterial	Toronto and East York	43.675116	-79.357845	Mid-Block	 	No Control	Rain	Daylight	Wet	Fatal	SMV Other	Motorcycle Driver	45 to 49	Fatal	12	North	Motorcycle	Going Ahead	Driving Properly	Unknown	 	 	 	 	 	 	 	 	 	Yes	 		 	 	 	 	 	 	 	55
2011	2011-02-10T05:00:00.000Z	828	8	DUNDAS ST W	NEILSON DR	 	Major Arterial	Etobicoke York	43.627345	-79.56239	Intersection	At Intersection	Traffic Signal	Clear	Daylight	Dry	Fatal	Pedestrian Collisions	Pedestrian	55 to 59	Fatal	5	South	Other	 	 	 	Vehicle turns left while ped crosses with ROW at inter.	Crossing with right of way	Normal	 	 	 	Yes	 	Yes	 	 		 	Yes	 	Yes	 	 	 	22
2012	2012-09-11T04:00:00.000Z	840	8	GLENGROVE AVE	MARLEE AVE	 	Minor Arterial	North York	43.710745	-79.44449	Intersection	At Intersection	Stop Sign	Clear	Daylight	Dry	Fatal	Angle	Motorcycle Driver	20 to 24	Fatal	30	North	Motorcycle	Going Ahead	Speed too Fast For Condition	Normal	 	 	 	 	 	 	 	 	Yes	Yes	 		 	 	Yes	Yes	 	 	 	13
2017	2017-11-02T04:00:00.000Z	840	8	161 THE WEST MALL	 	 	Minor Arterial	Etobicoke York	43.621218	-79.560214	Mid-Block	Non Intersection	No Control	 	Daylight	 	Fatal	Approaching	Driver	35 to 39	Fatal	52	North	"Automobile, Station Wagon"	Going Ahead	Lost control	Normal	 	 	 	 	 	 	 	 	Yes	 	 		 	 	Yes	Yes	 	 	 	22
2014	2014-12-18T05:00:00.000Z	843	8	6030 BATHURST ST	 	 	Major Arterial	North York	43.788577	-79.446666	Mid-Block	 	No Control	Clear	Daylight	Dry	Fatal	Pedestrian Collisions	Pedestrian	75 to 79	Fatal	50	East	 	 	 	 	Pedestrian hit at mid-block	Running onto Roadway	Inattentive	 	 	 	Yes	 	Yes	 	 		 	Yes	 	 	 	 	 	32
2009	2009-11-17T05:00:00.000Z	845	8	GREENWIN VILLAGE RD	VILLAGE GT	 	Collector	North York	43.792445	-79.44049	Intersection	At Intersection	Stop Sign	Clear	Daylight	Dry	Fatal	Pedestrian Collisions	Pedestrian	65 to 69	Fatal	40	North	Other	 	 	 	Vehicle turns left while ped crosses without ROW at inter.	"Crossing, no Traffic Control"	Normal	 	 	 	Yes	 	Yes	 	 		 	 	 	 	 	 	 	32
2013	2013-09-30T04:00:00.000Z	857	8	LAKE SHORE BLVD W	NET DR	 	Expressway	Toronto and East York	43.634032	-79.438045	Intersection	 	No Control	Clear	Daylight	Dry	Fatal	Turning Movement	Passenger	55 to 59	Fatal	46	 	 	 	 	 	 	 	 	 	 	 	 	 	Yes	 	 		 	Yes	 	 	 	 	 	14
2013	2013-04-16T04:00:00.000Z	900	9	HILLHURST BLVD	AVENUE RD	 	Major Arterial	North York	43.712046	-79.411693	Intersection	At Intersection	Traffic Signal	Clear	Daylight	Dry	Fatal	SMV Other	Driver	55 to 59	Fatal	11	East	"Automobile, Station Wagon"	Going Ahead	Lost control	Medical or Physical Disability	 	 	 	 	 	 	 	 	Yes	 	 		 	Yes	 	 	 	 	Yes	53
2009	2009-10-31T04:00:00.000Z	901	9	KEELE ST	STEELES AVE W	 	Major Arterial	North York	43.781545	-79.49449	Intersection	At Intersection	Traffic Signal	Rain	Daylight	Wet	Fatal	Turning Movement	Driver	15 to 19	Fatal	38	South	"Automobile, Station Wagon"	Going Ahead	Disobeyed Traffic Control	Inattentive	 	 	 	 	 	 	 	 	Yes	 	 		 	Yes	 	Yes	Yes	 	 	31
2016	2016-03-29T04:00:00.000Z	901	9	FINCH AVE E	SKYMARK DR	 	Major Arterial	North York	43.793151	-79.352275	Intersection	Intersection Related	Traffic Signal	Clear	Daylight	Dry	Fatal	Pedestrian Collisions	Pedestrian	75 to 79	Fatal	19	North	 	 	 	 	Vehicle turns left while ped crosses without ROW at inter.	"Crossing, no Traffic Control"	Normal	 	 	 	Yes	 	Yes	 	 		 	 	 	 	 	 	 	33
2011	2011-08-05T04:00:00.000Z	902	9	GREENWOOD AVE	PLAINS RD	 	Collector	Toronto and East York	43.693845	-79.33849	Intersection	At Intersection	Stop Sign	Clear	Daylight	Dry	Fatal	Cyclist Collisions	Cyclist	80 to 84	Fatal	16	West	Bicycle	Going Ahead	 	 	 	 	 	"Motorist without ROW drives into path of cyclist at inter, lnwy, dwy-Driver not turn."	Driving Properly	Normal	 	Yes	Yes	 	 		 	 	 	Yes	 	 	 	54
2016	2016-04-08T04:00:00.000Z	902	9	ST CLEMENTS AVE	CALDOW RD	 	Local	North York	43.708262	-79.42094	Intersection	Intersection Related	Stop Sign	Clear	Daylight	Dry	Fatal	Angle	Driver	35 to 39	Fatal	21	East	"Automobile, Station Wagon"	Going Ahead	Disobeyed Traffic Control	Unknown	 	 	 	 	 	 	 	 	Yes	 	 		 	 	Yes	Yes	 	 	 	53
2012	2012-01-26T05:00:00.000Z	903	9	DIXON RD	ISLINGTON AVE	 	Major Arterial	Etobicoke York	43.697045	-79.54669	Intersection	At Intersection	Traffic Signal	Clear	Daylight	Wet	Fatal	Turning Movement	Passenger	65 to 69	Fatal	3	 	Other	 	 	 	 	 	 	 	 	 	 	 	Yes	 	 		 	Yes	 	Yes	 	 	 	23
2016	2016-08-19T04:00:00.000Z	904	9	FINCH AVE E	SKYMARK DR	 	Major Arterial	North York	43.793151	-79.352275	Intersection	Intersection Related	Traffic Signal	Clear	Daylight	Dry	Fatal	Pedestrian Collisions	Pedestrian	80 to 84	Fatal	53	North	 	 	 	 	Pedestrian hit at mid-block	"Crossing, no Traffic Control"	Other	 	 	 	Yes	 	Yes	 	 		 	Yes	 	 	 	 	 	33
2017	2017-10-18T04:00:00.000Z	906	9	COWAN AVE	KING  ST W	 	Major Arterial	Toronto and East York	43.63795	-79.431827	Intersection	At Intersection	Stop Sign	Clear	Daylight	Dry	Fatal	Cyclist Collisions	Cyclist	35 to 39	Fatal	50	East	Bicycle	Going Ahead	 	 	 	 	 	"Motorist without ROW drives into path of cyclist at inter, lnwy, dwy-Driver not turn."	Driving Properly	Normal	 	Yes	Yes	 	 		 	 	 	Yes	 	 	 	14
2012	2012-07-09T04:00:00.000Z	907	9	ACE LANE	WOLSELEY ST	 	Local	Toronto and East York	43.647745	-79.40369	Mid-Block	At Intersection	No Control	Clear	Daylight	Dry	Fatal	SMV Other	Passenger	80 to 84	Fatal	20	 	Other	 	 	 	 	 	 	 	 	 	 	 	Yes	 	 		 	Yes	 	 	 	 	 	14
2008	2008-06-18T04:00:00.000Z	909	9	SCARLETT RD	BERNICE CRES	 	Minor Arterial	Etobicoke York	43.666945	-79.49949	Intersection	At Intersection	Pedestrian Crossover	Clear	Daylight	Dry	Fatal	Pedestrian Collisions	Pedestrian	85 to 89	Fatal	25	East	Other	 	 	 	Pedestrian hit a PXO/ped. Mid-block signal	"Crossing, Pedestrian Crossover"	Normal	 	 	 	Yes	 	Yes	 	 		 	 	 	Yes	 	 	 	12
2009	2009-03-13T04:00:00.000Z	914	9	GERRARD ST E	DE GRASSI ST	 	Minor Arterial	Toronto and East York	43.666346	-79.348491	Intersection	At Intersection	Pedestrian Crossover	Other	Daylight	Other	Fatal	Pedestrian Collisions	Pedestrian	85 to 89	Fatal	8	South	Other	 	 	 	Pedestrian involved in a collision with transit vehicle anywhere along roadway	"Crossing, Pedestrian Crossover"	Normal	 	 	 	Yes	 	 	 	 		 	 	 	Yes	 	 	 	55
2018	2018-08-06T04:00:00.000Z	914	9	CLAREMORE AVE	CRAIGLEE DR	 	Local	Scarborough	43.706175	-79.254787	Intersection	At Intersection	Stop Sign	Clear	Daylight	Dry	Fatal	Pedestrian Collisions	Wheelchair	80 to 84	Fatal	42	East	 	Going Ahead	 	 	Vehicle is going straight thru inter.while ped cross with ROW	Crossing with right of way	Unknown	 	 	 	Yes	 	Yes	 	 		 	 	 	Yes	 	 	 	41
2010	2010-06-12T04:00:00.000Z	916	9	ISLINGTON AVE	THE WESTWAY	 	Major Arterial	Etobicoke York	43.688645	-79.54289	Intersection	At Intersection	Traffic Signal	Clear	Daylight	Dry	Fatal	Angle	Driver	25 to 29	Fatal	21	East	"Automobile, Station Wagon"	Going Ahead	Driving Properly	Unknown	 	 	 	 	 	 	 	 	Yes	 	 		 	 	 	Yes	Yes	 	 	23
2008	2008-03-09T05:00:00.000Z	920	9	SCARLETT RD	RICHVIEW RD	 	Major Arterial	Etobicoke York	43.685545	-79.51249	Intersection	 	Stop Sign	Clear	Daylight	Packed Snow	Fatal	Turning Movement	Driver	85 to 89	Fatal	11	East	"Automobile, Station Wagon"	Turning Left	Failed to Yield Right of Way	Unknown	 	 	 	 	 	 	 	 	Yes	 	 		 	Yes	 	Yes	 	 	 	23
2016	2016-01-28T05:00:00.000Z	925	9	DUNDAS ST W	POPLAR AVE	 	Major Arterial	Etobicoke York	43.636099	-79.540073	Intersection	At Intersection	Traffic Signal	Clear	Daylight	Dry	Fatal	Pedestrian Collisions	Pedestrian	45 to 49	Fatal	10	South	 	 	 	 	Pedestrian involved in a collision with transit vehicle anywhere along roadway	Crossing with right of way	Normal	 	 	 	Yes	 	 	 	 		 	 	 	Yes	 	 	 	22
2008	2008-11-03T05:00:00.000Z	930	9	1491 LAKE SHORE BLVD W	 	 	Major Arterial	Toronto and East York	43.636445	-79.44399	Mid-Block	 	No Control	Clear	Daylight	Dry	Fatal	SMV Other	Passenger	90 to 94	Fatal	51	 	Other	 	 	 	 	 	 	 	 	 	 	 	Yes	 	 		 	Yes	 	 	 	 	 	14
2015	2015-11-26T05:00:00.000Z	934	9	EGLINTON AVE W	ELMSTHORPE AVE	 	Major Arterial	Toronto and East York	43.704074	-79.410945	Intersection	At Intersection	No Control	Clear	Daylight	Dry	Fatal	Pedestrian Collisions	Pedestrian	85 to 89	Fatal	59	West	 	 	 	 	Vehicle turns left while ped crosses with ROW at inter.	Crossing with right of way	Normal	 	 	 	Yes	 	Yes	 	 		 	 	 	Yes	 	 	 	53
2018	2018-05-29T04:00:00.000Z	934	9	STEELES AVE E	KENNEDY RD	 	Major Arterial	Scarborough	43.823569	-79.307048	Intersection	Intersection Related	No Control	Clear	Daylight	Dry	Fatal	Other	Passenger	80 to 84	Fatal	29	 	 	 	 	 	 	 	 	 	 	 	 	 	 	 	 		 	Yes	 	 	 	 	 	42
2009	2009-12-23T05:00:00.000Z	935	9	KINGSTON RD	MARKHAM RD	 	Major Arterial	Scarborough	43.738145	-79.21779	Mid-Block	At Intersection	No Control	Clear	Daylight	Dry	Fatal	Sideswipe	Driver	80 to 84	Fatal	47	East	"Automobile, Station Wagon"	Changing Lanes	Lost control	Medical or Physical Disability	 	 	 	 	 	 	 	 	Yes	 	 		 	 	 	 	 	 	Yes	43
2018	2018-05-15T04:00:00.000Z	935	9	YONGE ST	LAWRENCE AVE E	 	Major Arterial	North York	43.725032	-79.402156	Intersection	At Intersection	Traffic Signal	 	Daylight	 	Fatal	Pedestrian Collisions	Pedestrian	70 to 74	Fatal	24	Unknown	 	 	 	 	Vehicle turns right while ped crosses with ROW at inter.	Crossing with right of way	 	 	 	 	Yes	 	Yes	 	 		 	 	 	Yes	 	 	 	"32,53"
2013	2013-11-20T05:00:00.000Z	937	9	SHEPPARD AVE W	KODIAK CRES	 	Major Arterial	North York	43.751868	-79.467212	Intersection	 	Traffic Signal	Clear	Daylight	Dry	Fatal	Cyclist Collisions	Cyclist	20 to 24	Fatal	54	West	Bicycle	Going Ahead	 	 	 	 	 	"Motorist without ROW drives into path of cyclist at inter, lnwy, dwy-Driver not turn."	Driving Properly	Normal	 	Yes	Yes	 	 		 	 	Yes	Yes	Yes	 	 	32
2012	2012-08-21T04:00:00.000Z	940	9	FINCH AVE W	YONGE ST	 	Major Arterial	North York	43.779545	-79.41639	Mid-Block	At Intersection	No Control	Clear	Daylight	Dry	Fatal	Pedestrian Collisions	Pedestrian	45 to 49	Fatal	25	North	Other	 	 	 	Pedestrian hit at mid-block	"Crossing, no Traffic Control"	Unknown	 	 	 	Yes	 	Yes	 	 		 	Yes	 	 	 	 	 	32
2012	2012-09-10T04:00:00.000Z	943	9	3133 BAYVIEW AVE	BYNG AVE	 	Major Arterial	North York	43.782045	-79.39149	Intersection	 	No Control	Clear	Daylight	Dry	Fatal	Pedestrian Collisions	Pedestrian	75 to 79	Fatal	29	West	Other	 	 	 	Pedestrian hit at mid-block	Walking on Roadway Against Traffic	Normal	 	 	 	Yes	 	Yes	 	 		 	 	 	Yes	 	 	 	"33,32"
2018	2018-02-02T05:00:00.000Z	943	9	FINCH AVE W	ARDWICK BLVD	 	Major Arterial	Etobicoke York	43.747714	-79.562267	Intersection	At Intersection	Traffic Signal	Clear	Daylight	Dry	Fatal	Pedestrian Collisions	Pedestrian	70 to 74	Fatal	9	North	 	 	 	 	Vehicle turns left while ped crosses with ROW at inter.	Crossing with right of way	Normal	 	 	 	Yes	 	Yes	 	 		 	 	 	Yes	 	 	 	31
2014	2014-12-07T05:00:00.000Z	944	9	KENNEDY RD	RANSTONE GDNS	 	Major Arterial	Scarborough	43.742171	-79.272052	Intersection	 	Traffic Signal	Clear	Daylight	Dry	Fatal	Approaching	Driver	80 to 84	Fatal	46	South	"Automobile, Station Wagon"	Going Ahead	Lost control	Unknown	 	 	 	 	 	 	 	 	Yes	 	 		 	 	 	 	 	 	 	41
2009	2009-08-27T04:00:00.000Z	947	9	LAWRENCE AVE W	MARLEE AVE	 	Major Arterial	North York	43.715644	-79.446491	Intersection	At Intersection	Traffic Signal	Clear	Daylight	Dry	Fatal	Pedestrian Collisions	Pedestrian	85 to 89	Fatal	22	South	Other	 	 	 	Vehicle turns left while ped crosses with ROW at inter.	Crossing with right of way	Normal	 	 	 	Yes	 	Yes	 	 		 	 	 	Yes	 	 	 	"32,13"
2016	2016-05-03T04:00:00.000Z	948	9	3 SPRUCE HILL RD	 	 	Local	Toronto and East York	43.672747	-79.288913	Mid-Block	Non Intersection	No Control	Clear	Daylight	Dry	Fatal	Pedestrian Collisions	Pedestrian	65 to 69	Fatal	30	Unknown	 	 	 	 	Pedestrian hit at parking lot	Other	Normal	 	 	 	Yes	 	Yes	 	 		 	 	 	 	 	 	 	55
2017	2017-05-31T04:00:00.000Z	950	9	BAYVIEW AVE	BURLEIGH HEIGHTS DR	 	Major Arterial	North York	43.779303	-79.390872	Intersection	At Intersection	No Control	Clear	Daylight	Dry	Fatal	Pedestrian Collisions	Pedestrian	15 to 19	Fatal	25	West	 	 	 	 	Vehicle is going straight thru inter.while ped cross without ROW	"Crossing, no Traffic Control"	Normal	 	 	 	Yes	 	Yes	 	 		 	 	 	 	 	 	 	"33,32"
2016	2016-03-14T04:00:00.000Z	952	9	DON MILLS RD	FINCH AVE E	 	Major Arterial	North York	43.792651	-79.354724	Intersection	At Intersection	Traffic Signal	Rain	Daylight	Wet	Fatal	Angle	Passenger	55 to 59	Fatal	17	 	 	 	 	 	 	 	 	 	 	 	 	 	Yes	 	 		 	Yes	 	Yes	Yes	 	 	33
2016	2016-02-10T05:00:00.000Z	954	9	WEDGEWOOD DR	TOBRUK CRES	 	Local	North York	43.789603	-79.413997	Intersection	 	Stop Sign	Clear	Daylight	Wet	Fatal	Pedestrian Collisions	Pedestrian	80 to 84	Fatal	12	West	 	 	 	 	Pedestrian hit on sidewalk or shoulder	On Sidewalk or Shoulder	Normal	 	 	 	Yes	 	Yes	 	 		 	 	Yes	Yes	 	 	 	32